"Timestamp","Study number
(You study number)","Tool","Mental Demand
How much mental and perceptual activity was required (e.g., thinking, deciding, calculating, remembering, looking, searching, etc.)? Was the task easy or demanding, simple or complex?
Scale: 0 (Low) – 20 (High).","Physical Demand 
How much physical activity was required (e.g., pushing, pulling, turning, controlling, activating, etc.)? Was the task easy or demanding, slow or brisk, slack or strenuous?
Scale: 0 (Low) – 20 (High).","Temporal Demand 
How much time pressure did you feel due to the pace of the task? Was the pace slow and leisurely or rapid and frantic?
Scale: 0 (Low) – 20 (High).","Performance
How successful were you in accomplishing the task’s goals? How satisfied were you with your performance?

Scale: 0 (Low) – 20 (High).","Effort 
How hard did you have to work (mentally and physically) to achieve your performance level?

Scale: 0 (Low) – 20 (High).","Frustration
How insecure, irritated, or stressed did you feel during the task?

Scale: 0 (Low) – 20 (High).","Effort vs. Performance
Effort: ""How hard did you have to work (mentally and physically)?""
Performance: ""How successful were you in accomplishing the task’s goals?""","Temporal Demand vs. Frustration
Temporal Demand: ""Time pressure you felt during the task.""
Frustration: ""How stressed or annoyed you felt.""","Temporal Demand vs. Effort
Temporal Demand: ""Time pressure you felt during the task.""
Effort: ""How hard you had to work.""","Physical Demand vs. Frustration
Physical Demand: ""Physical activity required (e.g., pushing, pulling).""
Frustration: ""How stressed or annoyed you felt.""","Performance vs. Frustration
Performance: ""How successful you were in the task.""
Frustration: ""How stressed or annoyed you felt.""","Physical Demand vs. Temporal Demand
Physical Demand: ""Physical activity required.""
Temporal Demand: ""Time pressure you felt.""","Physical Demand vs. Performance
Physical Demand: ""Physical activity required.""
Performance: ""How successful you were.""","Temporal Demand vs. Mental Demand
Temporal Demand: ""Time pressure you felt.""
Mental Demand: ""Mental activity required (e.g., thinking, calculating).""
","Frustration vs. Effort
Frustration: ""How stressed or annoyed you felt.""
Effort: ""How hard you had to work.""","Performance vs. Mental Demand
Performance: ""How successful you were.""
Mental Demand: ""Mental activity required.""","Performance vs. Temporal Demand
Performance: ""How successful you were.""
Temporal Demand: ""Time pressure you felt.""","Mental Demand vs. Effort
Mental Demand: ""Mental activity required.""
Effort: ""How hard you had to work.""
","Mental Demand vs. Physical Demand
Mental Demand: ""Mental activity required.""
Physical Demand: ""Physical activity required.""","Effort vs. Physical Demand
Effort: ""How hard you had to work.""
Physical Demand: ""Physical activity required.""
","Frustration vs. Mental Demand
Frustration: ""How stressed or annoyed you felt.""
Mental Demand: ""Mental activity required."""
"2025/04/30 12:27:05 PM GMT+1","2","GitHub Actions","5","5","3","20","3","0","Effort","Temporal Demand","Temporal Demand","Physical Demand","Performance","Temporal Demand","Performance","Temporal Demand","Effort","Mental Demand","Temporal Demand","Effort","Physical Demand","Effort","Mental Demand"
"2025/04/30 12:29:19 PM GMT+1","7","Block-based","4","4","17","20","4","0","Performance","Temporal Demand","Temporal Demand","Physical Demand","Frustration","Physical Demand","Physical Demand","Mental Demand","Effort","Mental Demand","Temporal Demand","Mental Demand","Physical Demand","Physical Demand","Mental Demand"
"2025/04/30 12:35:56 PM GMT+1","10","Block-based","0","0","0","20","0","1","Performance","Temporal Demand","Temporal Demand","Frustration","Performance","Temporal Demand","Performance","Mental Demand","Effort","Mental Demand","Performance","Mental Demand","Mental Demand","Effort","Mental Demand"
"2025/04/30 12:36:08 PM GMT+1","8","Block-based","8","2","14","19","10","17","Effort","Frustration","Temporal Demand","Frustration","Frustration","Temporal Demand","Performance","Mental Demand","Frustration","Performance","Temporal Demand","Effort","Mental Demand","Effort","Frustration"
"2025/04/30 12:36:42 PM GMT+1","9","Block-based","0","0","0","20","0","0","Performance","Temporal Demand","Temporal Demand","Frustration","Performance","Temporal Demand","Performance","Mental Demand","Effort","Performance","Performance","Mental Demand","Mental Demand","Effort","Mental Demand"
"2025/04/30 12:40:10 PM GMT+1","4","GitHub Actions","15","16","17","19","14","13","Effort","Temporal Demand","Effort","Physical Demand","Performance","Temporal Demand","Performance","Mental Demand","Effort","Performance","Temporal Demand","Mental Demand","Mental Demand","Effort","Mental Demand"
"2025/04/30 12:40:51 PM GMT+1","5","GitHub Actions","13","2","8","17","15","13","Effort","Temporal Demand","Effort","Frustration","Performance","Temporal Demand","Performance","Mental Demand","Effort","Mental Demand","Performance","Mental Demand","Mental Demand","Effort","Mental Demand"
"2025/04/30 12:51:08 PM GMT+1","6","GitHub Actions","7","0","5","10","0","0","Performance","Frustration","Effort","Frustration","Performance","Temporal Demand","Performance","Mental Demand","Frustration","Performance","Performance","Mental Demand","Mental Demand","Effort","Mental Demand"
"2025/04/30 12:53:01 PM GMT+1","7","GitHub Actions","12","8","8","14","10","8","Performance","Frustration","Effort","Frustration","Frustration","Physical Demand","Physical Demand","Mental Demand","Frustration","Performance","Performance","Mental Demand","Mental Demand","Effort","Mental Demand"
"2025/04/30 12:53:30 PM GMT+1","8","GitHub Actions","12","2","10","18","10","15","Effort","Frustration","Temporal Demand","Frustration","Frustration","Temporal Demand","Performance","Mental Demand","Frustration","Performance","Performance","Effort","Mental Demand","Effort","Frustration"
"2025/04/30 12:53:32 PM GMT+1","1","GitHub Actions","15","5","15","5","15","17","Effort","Frustration","Temporal Demand","Frustration","Frustration","Temporal Demand","Physical Demand","Mental Demand","Frustration","Mental Demand","Temporal Demand","Mental Demand","Mental Demand","Effort","Frustration"
"2025/04/30 12:55:14 PM GMT+1","2","Block-based","2","0","5","2","2","0","Effort","Temporal Demand","Effort","Physical Demand","Performance","Physical Demand","Physical Demand","Temporal Demand","Effort","Mental Demand","Temporal Demand","Effort","Physical Demand","Effort","Mental Demand"
"2025/04/30 1:05:22 PM GMT+1","10","GitHub Actions","0","0","0","20","0","0","Performance","Temporal Demand","Temporal Demand","Frustration","Performance","Temporal Demand","Performance","Mental Demand","Effort","Performance","Performance","Mental Demand","Mental Demand","Effort","Mental Demand"
"2025/04/30 1:07:48 PM GMT+1","9","GitHub Actions","10","0","10","20","10","0","Performance","Temporal Demand","Effort","Frustration","Performance","Temporal Demand","Performance","Mental Demand","Effort","Mental Demand","Performance","Mental Demand","Mental Demand","Effort","Mental Demand"
"2025/04/30 1:11:05 PM GMT+1","4","Block-based","10","11","6","20","7","3","Performance","Temporal Demand","Effort","Physical Demand","Performance","Temporal Demand","Performance","Temporal Demand","Effort","Performance","Performance","Mental Demand","Mental Demand","Effort","Mental Demand"
"2025/04/30 1:14:49 PM GMT+1","1","Block-based","10","5","5","20","5","2","Performance","Temporal Demand","Temporal Demand","Physical Demand","Performance","Temporal Demand","Performance","Temporal Demand","Effort","Performance","Performance","Mental Demand","Mental Demand","Effort","Mental Demand"
"2025/04/30 1:18:01 PM GMT+1","11","Block-based","5","1","0","20","6","2","Performance","Temporal Demand","Temporal Demand","Physical Demand","Performance","Physical Demand","Performance","Temporal Demand","Effort","Performance","Performance","Effort","Mental Demand","Physical Demand","Frustration"
"2025/04/30 3:59:52 PM GMT+1","3","GitHub Actions","15","20","20","15","15","20","Performance","Temporal Demand","Temporal Demand","Frustration","Performance","Temporal Demand","Performance","Temporal Demand","Frustration","Performance","Performance","Mental Demand","Mental Demand","Effort","Mental Demand"
"2025/05/01 5:44:55 AM GMT+1","11","GitHub Actions","5","10","10","20","2","0","Performance","Temporal Demand","Temporal Demand","Physical Demand","Performance","Physical Demand","Performance","Temporal Demand","Effort","Performance","Performance","Effort","Physical Demand","Effort","Mental Demand"