"Timestamp","Study number
(You study number)","Main occupation","Gender (to be used only for aggregate statistics)","What is your study/work area?","In which country do you work?
","Are you familiar with CI/CD?","How comfortable are you with CI/CD tools like Travis CI and GitHub Actions (0 none -20 seasoned professional)? ","Have you worked with any CI/CD tools before? ","Have you used CI/CD tools like Travis CI or GitHub Actions in a professional setting? ","Have you used CI/CD tools like Travis CI or GitHub Actions in an academic context?  "
"2025/04/30 12:54:19 PM GMT+1","7","MSc student","Male","Informatics Engineering","Portugal","2","0","None","No","No"
"2025/04/30 12:54:36 PM GMT+1","8","MSc student","Male","Informatics","Portugal","2","1","None","No","No"
"2025/04/30 12:56:59 PM GMT+1","2","Computer and informatics ","Male","Computer informatics","Portugal","1","0","None","No","Yes"
"2025/04/30 1:08:26 PM GMT+1","10","MSc student","Male","informatics engineering","portugal","2","3","Just running GitHub actions","No","Yes"
"2025/04/30 1:11:34 PM GMT+1","1","MSc student","Female","Informatics","Portugal","2","14","None","No","No"
"2025/04/30 1:12:37 PM GMT+1","4","MSc student","Male","Computer Engineering","Portugal","4","10","GitHub Actions;GitLab CI/CD","No","Yes"
"2025/04/30 1:14:56 PM GMT+1","11","MSc student","Male","somputer science","portugal","4","13","GitHub Actions;Jenkins;GitLab CI/CD","Yes","Yes"
"2025/04/30 1:15:25 PM GMT+1","3","MSc student","Male","informatic","Portugal","2","5","GitHub Actions;Jenkins;GitLab CI/CD","No","Yes"
"2025/04/30 2:05:20 PM GMT+1","5","MSc student","Male","Informatics and Computer Engineering","Portugal","2","0","None","No","No"
"2025/04/30 2:35:53 PM GMT+1","9","MSc student","Male","Informatics Engineering","Portugal","2","5","GitHub Actions","No","Yes"