"Timestamp","Study number
(your study number)","Anonymous repository"
"2025/04/30 12:59:52 PM GMT+1","8","https://anonymous.4open.science/r/testrepository-923F"
"2025/04/30 1:00:49 PM GMT+1","2","https://anonymous.4open.science/r/testrepository-CB20/README.MD"
"2025/04/30 1:01:05 PM GMT+1","7","https://anonymous.4open.science/r/testrepository-BE41/README.MD"
"2025/04/30 1:07:03 PM GMT+1","10","https://anonymous.4open.science/r/testrepository-8DD3/README.MD"
"2025/04/30 1:09:47 PM GMT+1","5","https://anonymous.4open.science/r/testrepository-1506/README.MD"
"2025/04/30 1:10:16 PM GMT+1","9","https://anonymous.4open.science/r/testrepository-D1BE/README.MD"
"2025/04/30 1:14:24 PM GMT+1","4","https://anonymous.4open.science/r/testrepository-6DC7/README.MD"
"2025/04/30 1:17:11 PM GMT+1","1","https://anonymous.4open.science/r/testrepository-E04E/README.MD"
"2025/04/30 1:20:32 PM GMT+1","11","https://anonymous.4open.science/r/testrepository-4B6F/README.MD"
"2025/04/30 4:10:06 PM GMT+1","3","https://anonymous.4open.science/r/testrepository-D614/README.MD"