"Timestamp","Study number
(You study number)","You've now experienced two different systems for creating CI/CD pipelines.

Do you have any positive feedback on our Block-based environment and approach?

What stood out to you the most?","Do you have any negative comments about our Block-based environment?

What did you like the least?","Do you have any recommendations for our Block-based environment ?","Any last comment?"
"2025/04/30 12:57:29 PM GMT+1","2","No problems with indentation.","","",""
"2025/04/30 12:57:54 PM GMT+1","8","It's easier to get into because you don't need to think about the code syntax of the yml file","but it's harder to work in if you are experienced with github actions i feel. it takes longer to scroll and find the correct block than to just write that section manually.","make the window divisions movable like the block picker the block code position area and the output.",""
"2025/04/30 12:57:59 PM GMT+1","7","it was easy to run, I did not need to click many things to go around many pages just to run the action I had just created
I did not have to indent, it was easier than github actions","When my action failed, like it was supose to, it displayed only 3 green checks which I had assumed it meant the action passed, but upon further analysing the text returned it actually failed, so I believe this could be improved to be more intuitive","If the test fails, give some intuitive feedback
maybe incorporate the save to the repository so that if I want to load I do not have to give the json file, which I might have forgotten about saving",""
"2025/04/30 1:10:18 PM GMT+1","10","The ease of use and visual feedback, it instantly reminded me of scratch and it makes the tool really easy to use.","from my view I didn't find anything negative about the Block-based environment","I don't, sorry","Continue the great work"
"2025/04/30 1:11:47 PM GMT+1","5","Code visualization and UI","Text selection","Maybe make text bigger",""
"2025/04/30 1:13:54 PM GMT+1","3","yes i liked a lot the block based system because it made it easier to not make dumb mistakes like identation and syntax errors that often are hard to see and would take a while to debug, the block base system made it a lot easier to not even have that kind of problems","","on the tools usage you coud add a autoffill for the tools that are more frequently used, like checkout, node, and at last try to implement some kind of llm to read better the problem in the workflow",""
"2025/04/30 1:15:46 PM GMT+1","1","Very user friendly.","","",""
"2025/04/30 1:16:46 PM GMT+1","4","Familiarity with the block based interface. 
Friendly for beginners","Having to scroll to find certain blocks","Night Mode 
Search bar for the blocks, instead scrolling 
Autofill",""
"2025/04/30 2:44:07 PM GMT+1","9","- Easier to understand the hierarchy between jobs, commands, parameters ,etc..
- More intuitive usage, easier to understand what to do to accomplish task","","",""
"2025/05/01 5:43:02 AM GMT+1","11","","","",""