"Timestamp","Total score","Study number
(You study number)","Study number
(You study number) [Score]","Study number
(You study number) [Feedback]","Tool","Tool [Score]","Tool [Feedback]","I think that I would like to use this system frequently.","I think that I would like to use this system frequently. [Score]","I think that I would like to use this system frequently. [Feedback]","I found the system unnecessarily complex.","I found the system unnecessarily complex. [Score]","I found the system unnecessarily complex. [Feedback]","I thought the system was easy to use.","I thought the system was easy to use. [Score]","I thought the system was easy to use. [Feedback]","I think that I would need the support of a technical person to be able to use this
system.","I think that I would need the support of a technical person to be able to use this
system. [Score]","I think that I would need the support of a technical person to be able to use this
system. [Feedback]","I found the various functions in this system were well integrated.","I found the various functions in this system were well integrated. [Score]","I found the various functions in this system were well integrated. [Feedback]","I thought there was too much inconsistency in this system.","I thought there was too much inconsistency in this system. [Score]","I thought there was too much inconsistency in this system. [Feedback]","I would imagine that most people would learn to use this system very quickly.","I would imagine that most people would learn to use this system very quickly. [Score]","I would imagine that most people would learn to use this system very quickly. [Feedback]","I found the system very cumbersome to use.","I found the system very cumbersome to use. [Score]","I found the system very cumbersome to use. [Feedback]","I felt very confident using the system.","I felt very confident using the system. [Score]","I felt very confident using the system. [Feedback]","I needed to learn a lot of things before I could get going with this system.","I needed to learn a lot of things before I could get going with this system. [Score]","I needed to learn a lot of things before I could get going with this system. [Feedback]"
"2025/04/30 12:28:54 PM GMT+1","0.00 / 0","2","-- / 0","","GitHub Actions","-- / 0","","4","-- / 0","","2","-- / 0","","4","-- / 0","","1","-- / 0","","4","-- / 0","","2","-- / 0","","4","-- / 0","","2","-- / 0","","4","-- / 0","","3","-- / 0",""
"2025/04/30 12:31:04 PM GMT+1","0.00 / 0","10","-- / 0","","Block-based","-- / 0","","3","-- / 0","","1","-- / 0","","5","-- / 0","","3","-- / 0","","3","-- / 0","","1","-- / 0","","4","-- / 0","","1","-- / 0","","3","-- / 0","","3","-- / 0",""
"2025/04/30 12:33:10 PM GMT+1","0.00 / 0","7","-- / 0","","Block-based","-- / 0","","4","-- / 0","","2","-- / 0","","4","-- / 0","","1","-- / 0","","5","-- / 0","","1","-- / 0","","5","-- / 0","","1","-- / 0","","3","-- / 0","","2","-- / 0",""
"2025/04/30 12:34:49 PM GMT+1","0.00 / 0","5","-- / 0","","GitHub Actions","-- / 0","","5","-- / 0","","4","-- / 0","","2","-- / 0","","5","-- / 0","","2","-- / 0","","3","-- / 0","","1","-- / 0","","4","-- / 0","","4","-- / 0","","5","-- / 0",""
"2025/04/30 12:36:20 PM GMT+1","0.00 / 0","9","-- / 0","","Block-based","-- / 0","","5","-- / 0","","1","-- / 0","","5","-- / 0","","2","-- / 0","","5","-- / 0","","1","-- / 0","","5","-- / 0","","1","-- / 0","","5","-- / 0","","1","-- / 0",""
"2025/04/30 12:37:20 PM GMT+1","0.00 / 0","8","-- / 0","","Block-based","-- / 0","","4","-- / 0","","3","-- / 0","","4","-- / 0","","1","-- / 0","","4","-- / 0","","2","-- / 0","","4","-- / 0","","4","-- / 0","","2","-- / 0","","3","-- / 0",""
"2025/04/30 12:37:33 PM GMT+1","0.00 / 0","4","-- / 0","","GitHub Actions","-- / 0","","2","-- / 0","","4","-- / 0","","3","-- / 0","","4","-- / 0","","3","-- / 0","","5","-- / 0","","2","-- / 0","","4","-- / 0","","3","-- / 0","","5","-- / 0",""
"2025/04/30 12:42:14 PM GMT+1","0.00 / 0","3","-- / 0","","GitHub Actions","-- / 0","","2","-- / 0","","4","-- / 0","","3","-- / 0","","2","-- / 0","","1","-- / 0","","5","-- / 0","","2","-- / 0","","5","-- / 0","","1","-- / 0","","4","-- / 0",""
"2025/04/30 12:46:46 PM GMT+1","0.00 / 0","6","-- / 0","","GitHub Actions","-- / 0","","4","-- / 0","","1","-- / 0","","5","-- / 0","","1","-- / 0","","3","-- / 0","","1","-- / 0","","5","-- / 0","","1","-- / 0","","4","-- / 0","","1","-- / 0",""
"2025/04/30 12:48:18 PM GMT+1","0.00 / 0","7","-- / 0","","GitHub Actions","-- / 0","","3","-- / 0","","2","-- / 0","","3","-- / 0","","2","-- / 0","","3","-- / 0","","1","-- / 0","","3","-- / 0","","2","-- / 0","","3","-- / 0","","1","-- / 0",""
"2025/04/30 12:49:14 PM GMT+1","0.00 / 0","1","-- / 0","","GitHub Actions","-- / 0","","1","-- / 0","","5","-- / 0","","5","-- / 0","","3","-- / 0","","2","-- / 0","","2","-- / 0","","2","-- / 0","","3","-- / 0","","1","-- / 0","","5","-- / 0",""
"2025/04/30 12:49:36 PM GMT+1","0.00 / 0","8","-- / 0","","GitHub Actions","-- / 0","","3","-- / 0","","3","-- / 0","","3","-- / 0","","1","-- / 0","","4","-- / 0","","1","-- / 0","","2","-- / 0","","3","-- / 0","","2","-- / 0","","3","-- / 0",""
"2025/04/30 12:50:00 PM GMT+1","0.00 / 0","11","-- / 0","","Block-based","-- / 0","","4","-- / 0","","2","-- / 0","","5","-- / 0","","5","-- / 0","","5","-- / 0","","1","-- / 0","","5","-- / 0","","1","-- / 0","","5","-- / 0","","4","-- / 0",""
"2025/04/30 12:54:00 PM GMT+1","0.00 / 0","2","-- / 0","","Block-based","-- / 0","","4","-- / 0","","1","-- / 0","","5","-- / 0","","2","-- / 0","","4","-- / 0","","1","-- / 0","","5","-- / 0","","2","-- / 0","","5","-- / 0","","2","-- / 0",""
"2025/04/30 1:03:54 PM GMT+1","0.00 / 0","10","-- / 0","","GitHub Actions","-- / 0","","4","-- / 0","","1","-- / 0","","4","-- / 0","","2","-- / 0","","3","-- / 0","","2","-- / 0","","2","-- / 0","","2","-- / 0","","3","-- / 0","","5","-- / 0",""
"2025/04/30 1:06:28 PM GMT+1","0.00 / 0","9","-- / 0","","GitHub Actions","-- / 0","","5","-- / 0","","2","-- / 0","","4","-- / 0","","3","-- / 0","","4","-- / 0","","1","-- / 0","","3","-- / 0","","2","-- / 0","","3","-- / 0","","3","-- / 0",""
"2025/04/30 1:09:16 PM GMT+1","0.00 / 0","4","-- / 0","","Block-based","-- / 0","","4","-- / 0","","2","-- / 0","","5","-- / 0","","2","-- / 0","","5","-- / 0","","2","-- / 0","","4","-- / 0","","2","-- / 0","","5","-- / 0","","3","-- / 0",""
"2025/04/30 1:10:51 PM GMT+1","0.00 / 0","3","-- / 0","","Block-based","-- / 0","","5","-- / 0","","1","-- / 0","","5","-- / 0","","1","-- / 0","","4","-- / 0","","2","-- / 0","","5","-- / 0","","1","-- / 0","","5","-- / 0","","1","-- / 0",""
"2025/04/30 1:12:31 PM GMT+1","0.00 / 0","1","-- / 0","","Block-based","-- / 0","","4","-- / 0","","1","-- / 0","","5","-- / 0","","2","-- / 0","","5","-- / 0","","2","-- / 0","","5","-- / 0","","3","-- / 0","","5","-- / 0","","3","-- / 0",""
"2025/04/30 1:16:12 PM GMT+1","0.00 / 0","11","-- / 0","","GitHub Actions","-- / 0","","3","-- / 0","","2","-- / 0","","4","-- / 0","","3","-- / 0","","4","-- / 0","","1","-- / 0","","5","-- / 0","","2","-- / 0","","1","-- / 0","","3","-- / 0",""